INSERT INTO directors (id, name, birthdate) VALUES ('28b55971-2fc3-4cb4-856e-caf220019ea4', 'Quentin Tarantino', '1963-03-27'),('3d704cf2-3490-4529-8989-b4176a49250d', 'Christopher Nolan', '1970-07-30'),('e818d70f-5cab-4fae-b553-70090c56bc3b', 'Steven Spielberg', '1946-12-18'),('8abd01c4-2a37-417d-bde2-6591948f5786', 'Martin Scorsese', '1942-11-17');

INSERT INTO films (id, title, year, duration, genres, director_id) VALUES ('4c7ee77e-7252-4ff2-a89c-f889b43de49d', 'Inglourious Basterds', 2009, 'PT2H26M', ARRAY['COMEDY', 'ACTION'], '28b55971-2fc3-4cb4-856e-caf220019ea4'),('a4aba4d-9c7a-4920-8491-ea41e7487cf3', 'Kill Bill Vol. 1', 2003, 'PT1H50M', ARRAY['ACTION'], '28b55971-2fc3-4cb4-856e-caf220019ea4'),('3a4aba4d-9c7a-4920-8491-ea41e7487cf3', 'Origen', 2010, 'PT2H28M', ARRAY['THRILLER'], '3d704cf2-3490-4529-8989-b4176a49250d'),('d09db500-b1fb-452a-8403-669323e99694', 'La lista de Schindler', 1993, 'PT3H15M', ARRAY['DRAMA'], 'e818d70f-5cab-4fae-b553-70090c56bc3b'),('b3ffaa01-1872-466a-b52d-7229db80c1bf', 'Shutter Island', 2010, 'PT2H18M', ARRAY['THRILLER'], '8abd01c4-2a37-417d-bde2-6591948f5786');

INSERT INTO actors (id, name) VALUES ('308f78e3-4bfd-4a34-bbe0-2b8fd6792616', 'Brad Pitt'),('6666a4a5-fd1f-4388-9f3d-6009a15b2ffe', 'Christoph Waltz'),('18a46dfc-143d-474d-875a-de9129ea6d4e', 'Mélanie Laurent'),('7d9735cb-2a65-4431-87db-7ade06d9a5d7', 'Uma Thurman'),('0f343dc7-c4e8-4c99-a629-debdab9768b3', 'Lucy Liu'),('bf4fb0b6-68ef-4e8b-8ff4-1ea564d7a44d', 'David Carradine'),('0d3676d8-fe9d-4cd1-a1ec-9e6cab073fb1', 'Leonardo DiCaprio'),('9ebc8904-799f-40bb-88dc-14c0bfdd1052', 'Joseph Gordon-Levitt'),('16c79ca9-fa83-4030-b81f-8a77337de79a', 'Marion Cotillard'),('f5539aec-348f-432e-b5ee-8bee89dbb92b', 'Liam Neeson'),('52bb7867-6bca-4ad6-bbda-9f2d06cd8a2b', 'Ben Kingsley'),('6d6ed246-268f-41ad-8fe1-6443567a1ab7', 'Caroline Goodall'),('a277ba9c-d42b-4d83-9c89-f8bfe8c664f0', 'Mark Ruffalo');

INSERT INTO film_actor (film_id, actor_id) VALUES('4c7ee77e-7252-4ff2-a89c-f889b43de49d', '308f78e3-4bfd-4a34-bbe0-2b8fd6792616'), ('4c7ee77e-7252-4ff2-a89c-f889b43de49d', '6666a4a5-fd1f-4388-9f3d-6009a15b2ffe'), ('4c7ee77e-7252-4ff2-a89c-f889b43de49d', '18a46dfc-143d-474d-875a-de9129ea6d4e'), ('a4aba4d-9c7a-4920-8491-ea41e7487cf3', '7d9735cb-2a65-4431-87db-7ade06d9a5d7'),('a4aba4d-9c7a-4920-8491-ea41e7487cf3', '0f343dc7-c4e8-4c99-a629-debdab9768b3'),('a4aba4d-9c7a-4920-8491-ea41e7487cf3', 'bf4fb0b6-68ef-4e8b-8ff4-1ea564d7a44d'),('3a4aba4d-9c7a-4920-8491-ea41e7487cf3', '0d3676d8-fe9d-4cd1-a1ec-9e6cab073fb1'), ('3a4aba4d-9c7a-4920-8491-ea41e7487cf3', '9ebc8904-799f-40bb-88dc-14c0bfdd1052'), ('3a4aba4d-9c7a-4920-8491-ea41e7487cf3', '16c79ca9-fa83-4030-b81f-8a77337de79a'), ('d09db500-b1fb-452a-8403-669323e99694', 'f5539aec-348f-432e-b5ee-8bee89dbb92b'), ('d09db500-b1fb-452a-8403-669323e99694', '52bb7867-6bca-4ad6-bbda-9f2d06cd8a2b'), ('d09db500-b1fb-452a-8403-669323e99694', '6d6ed246-268f-41ad-8fe1-6443567a1ab7'), ('b3ffaa01-1872-466a-b52d-7229db80c1bf', '0d3676d8-fe9d-4cd1-a1ec-9e6cab073fb1'), ('b3ffaa01-1872-466a-b52d-7229db80c1bf', 'a277ba9c-d42b-4d83-9c89-f8bfe8c664f0'), ('b3ffaa01-1872-466a-b52d-7229db80c1bf', '52bb7867-6bca-4ad6-bbda-9f2d06cd8a2b');
